{
    "test_loss": 0.11138688772916794,
    "test_accuracy": 0.9638298153877258,
    "sensitivity": 0.9744680851063829,
    "specificity": 0.9531914893617022,
    "false_positive_rate": 0.04680851063829787,
    "false_negative_rate": 0.02553191489361702,
    "roc_auc": 0.9898777727478497,
    "confusion_matrix": {
        "true_positives": 229,
        "true_negatives": 224,
        "false_positives": 11,
        "false_negatives": 6
    }
}

